"feature","id.x","module"
"101.02418_0.6561","2991",1
"104.03512_0.6052","1308",23
"105.0191_0.6887","2314",1
"111.00858_0.6877","2946",2
"113.02422_0.6567","1995",1
"113.03545_0.6076","1362",23
"114.05578_0.6383","1746",23
"115.00347_1.1313","3164",2
"117.00762_1.1305","3132",2
"118.05074_0.6075","1359",23
"119.03468_0.6537","1935",1
"127.05104_0.6067","1340",23
"128.03506_0.6179","1471",23
"128.03509_0.8768","2796",23
"129.01911_0.9096","3283",2
"129.03843_0.8772","2429",2
"131.04589_0.6075","1360",3
"132.04123_0.8279","2367",4
"133.01395_1.4586","4188",2
"133.01395_7.7154","5204",2
"133.01396_0.8676","2280",2
"133.01396_6.5647","4762",2
"133.01398_1.9708","4393",2
"133.01399_9.4714","5754",2
"133.05024_0.8842","1380",1
"134.0173_0.8671","2700",3
"134.04699_0.5862","1228",4
"135.01819_0.8673","2705",2
"135.02963_0.688","2232",2
"135.02965_1.1226","4198",1
"137.02414_8.9013","5691",5
"142.99826_0.6939","2363",19
"143.03464_0.6561","2975",1
"143.04584_0.6416","1662",23
"145.00487_0.6145","1460",2
"145.06155_0.6069","1345",23
"145.06155_0.7713","2986",23
"146.06465_0.6066","1337",23
"149.04514_0.6867","2211",1
"150.0418_0.577","1226",4
"152.98593_1.2709","3793",2
"157.03629_0.6669","2092",4
"161.04517_0.6556","1974",1
"163.02452_0.8027","2348",1
"163.04316_0.9616","2930",1
"164.07142_0.9163","2893",23
"165.00505_0.6917","2640",2
"166.99583_0.7158","2464",24
"167.02064_0.6797","2174",4
"167.03464_6.9516","4950",5
"168.04269_0.6433","1713",23
"170.93868_1.1309","2734",2
"171.04079_0.8842","2831",23
"171.94626_0.6887","2843",23
"171.98812_1.2039","3495",2
"172.02235_0.5982","1325",23
"172.025_0.733","2939",23
"172.06112_1.2018","3456",23
"172.09759_4.4748","4559",2
"172.13374_1.2024","3453",2
"173.00872_0.6898","2256",1
"173.01973_0.8326","2394",23
"173.04509_0.6877","2273",5
"173.05629_0.7057","2636",23
"173.06428_1.2017","3454",2
"173.09269_0.61","1417",24
"173.10395_0.8336","3004",23
"174.01213_0.6915","2325",23
"175.02439_0.6859","2204",2
"175.04687_0.8319","2323",4
"175.06076_2.5173","4413",1
"178.01754_3.9389","4531",23
"179.05566_0.6555","1968",1
"179.05573_0.7721","3010",1
"179.98074_0.4266","73",3
"180.91224_2.7398","4436",3
"181.01391_7.6041","5167",5
"181.07136_0.6542","1975",2
"182.01256_0.9432","2915",23
"183.01549_0.6808","2172",4
"184.94323_0.4166","38",3
"185.00867_1.6054","4308",19
"185.02158_1.1726","3299",6
"185.05637_0.904","2880",23
"186.90365_2.1311","4380",3
"186.92919_2.7432","4429",2
"187.99625_0.5954","1255",23
"188.05605_0.879","3026",24
"188.09243_0.9458","2948",23
"190.03537_0.9454","2920",23
"191.01935_1.1533","4205",2
"191.01938_0.6942","2225",2
"193.05353_0.8836","2835",2
"195.0295_6.9504","4951",5
"195.05056_0.6849","2199",1
"196.02231_0.879","2813",23
"197.03124_0.7044","2413",4
"198.07689_1.0109","2994",23
"198.88487_2.7423","4420",2
"202.01208_0.6013","1304",23
"202.02041_0.5903","1235",23
"203.00449_0.6912","2330",7
"203.01693_0.6905","2328",1
"203.0196_1.0675","3018",2
"204.02987_1.7984","4337",23
"204.12376_1.0817","3028",23
"205.04366_3.2728","4472",23
"205.04971_3.5996","4508",8
"205.05023_8.9322","5693",8
"206.90954_1.3162","3933",3
"207.02951_8.8723","5687",8
"207.05067_0.942","2373",1
"207.97558_0.4283","1198",3
"208.03284_6.5633","4749",23
"208.03289_8.8725","5686",23
"209.04505_6.5648","4753",8
"209.04507_7.7255","5360",3
"210.06963_0.729","2494",23
"210.96161_0.4221","56",3
"211.02446_6.9506","4949",5
"211.03319_0.6435","1717",23
"211.07127_0.853","2404",23
"211.90017_1.3356","3971",2
"212.92051_0.5162","982",22
"212.98023_1.1316","3178",1
"213.0489_0.5957","1245",23
"213.88739_2.7315","4438",23
"214.0718_1.6262","4310",23
"214.92854_1.1306","3138",2
"215.92791_1.1399","4160",4
"216.90914_2.7368","4423",23
"216.96643_0.8374","2715",3
"220.00717_0.6997","2401",1
"220.90824_2.1288","4381",2
"223.02933_7.7227","5417",8
"223.06086_7.0564","4971",8
"223.0609_3.6009","4495",8
"223.0609_9.0271","5707",8
"224.0561_1.067","4144",23
"225.04008_6.5632","4745",8
"225.06092_0.8787","3008",1
"225.06116_0.6479","1809",1
"225.11293_5.2871","4577",23
"225.9261_1.3425","3984",3
"226.04337_6.5629","4759",23
"226.99608_0.6898","2292",1
"227.96016_0.8804","1871",23
"228.03604_0.6338","1727",3
"228.06387_0.6447","1735",23
"228.95962_0.4208","51",3
"228.9684_0.7304","2537",9
"228.96921_0.4858","614",9
"228.993_0.6905","2310",1
"229.01428_0.5966","1270",23
"229.02271_0.597","1254",23
"229.03482_1.8865","4350",10
"230.01951_1.2051","3535",11
"230.06662_0.917","2897",23
"230.87438_1.4216","4168",3
"231.01418_1.1308","3141",2
"231.05947_0.6032","1298",23
"232.01691_1.1902","3360",7
"232.05877_0.9182","2892",1
"232.93899_0.8666","2403",4
"234.08019_0.9523","2902",23
"234.95457_0.8052","2553",4
"235.1336_10.137","5799",6
"238.06934_4.4751","4554",9
"238.95658_0.4323","52",2
"239.01938_6.9536","4948",12
"239.05558_7.7186","5258",19
"239.09205_5.5853","4601",19
"239.88701_2.7395","4426",3
"240.98373_0.7118","2447",23
"241.01151_3.0148","4456",4
"241.01152_1.1465","3270",1
"241.01174_0.7062","2417",3
"241.09146_0.5015","759",23
"241.88233_2.7177","4441",23
"242.05137_0.6564","2961",23
"242.07904_0.6496","1848",24
"242.89897_1.3333","3977",9
"242.93909_0.494","2486",2
"243.12338_8.1261","5459",19
"243.93998_0.4923","676",2
"244.94372_0.4965","715",3
"244.96167_1.0234","2990",23
"244.96294_0.6173","2423",23
"245.07498_0.6041","1318",23
"245.09265_7.1428","4998",24
"245.94647_0.9469","2427",23
"246.03795_1.0671","3016",7
"246.8947_1.3929","4080",22
"247.89825_1.3824","4038",11
"248.89952_2.7418","4421",3
"248.90501_0.5514","1211",23
"249.90621_1.2979","3891",11
"251.12845_7.754","5395",8
"252.08733_2.45","4405",22
"252.99612_0.4167","65",23
"252.99613_1.1309","3115",2
"253.99952_1.1304","3123",23
"255.11353_8.6478","5652",13
"255.89818_1.3382","3969",9
"256.90585_1.332","3949",2
"256.96297_0.8914","2849",23
"257.1292_7.4987","5102",14
"257.1292_7.9815","5431",14
"257.99288_0.8794","2816",4
"258.06141_0.977","2966",23
"259.0218_1.1405","3260",1
"259.02182_1.3783","4141",1
"259.0219_1.7261","4376",23
"260.02454_1.1854","3047",23
"260.07709_0.8818","2248",22
"260.90597_1.3617","4026",9
"261.97808_0.6633","2068",1
"262.05641_0.8168","2313",7
"262.09268_0.7856","2157",7
"263.16478_11.6209","5908",6
"264.98735_0.7047","2321",1
"266.95146_0.4217","57",3
"267.07178_0.7695","2216",1
"267.90993_0.4155","32",3
"268.04333_0.8886","2837",23
"269.92406_1.4807","4213",3
"270.03784_1.2052","3537",7
"270.89989_0.5399","1159",2
"270.97809_0.874","2767",1
"270.98564_0.6939","2605",23
"271.98623_1.2054","3567",23
"272.08625_0.622","1309",23
"272.95759_0.8787","2810",2
"273.02238_0.8916","3073",2
"273.03772_1.0998","3043",1
"273.94232_0.6878","2476",1
"274.87207_1.4268","4176",3
"274.97228_0.7757","2318",23
"275.151_1.1346","3236",9
"275.84457_1.1685","3301",2
"275.87167_1.3892","4069",3
"276.86712_1.4002","4178",3
"277.86728_1.4564","4180",9
"277.9361_1.1337","3757",23
"277.97252_0.6674","2095",23
"277.97254_0.8587","2972",1
"278.86417_1.4037","4175",3
"278.87091_1.4492","4172",14
"278.98103_0.648","2977",23
"279.0593_0.8775","2787",7
"280.9078_0.5156","958",3
"281.06617_6.24","4652",3
"281.12368_1.7912","4336",4
"283.08185_3.1472","4465",3
"284.03825_0.8747","2784",7
"284.04057_1.541","4294",2
"284.12471_0.7642","2944",24
"284.90065_1.3315","3953",2
"285.01817_6.3719","4719",23
"285.06113_2.873","4449",5
"285.06113_3.9181","4529",5
"285.87338_1.1744","3309",23
"285.91783_0.8403","2600",1
"286.06443_3.9173","4528",10
"286.06447_2.8733","4451",10
"286.10303_0.6875","2665",23
"286.10389_0.718","2495",23
"288.05989_0.603","1314",11
"288.07186_1.1758","3307",23
"288.07201_1.5706","4311",2
"289.01724_0.8678","2713",2
"289.03254_1.1493","3267",23
"289.08257_6.3846","4722",24
"289.93631_0.8684","2668",23
"289.93687_0.5775","2203",13
"290.0877_0.853","2628",7
"292.06701_0.8692","2353",7
"292.15504_8.8342","5676",2
"293.04887_0.695","2396",1
"293.12381_2.2789","4394",15
"293.15842_8.8333","5675",24
"294.9529_0.4876","87",3
"295.83058_1.3898","4070",9
"296.8817_0.516","978",2
"298.87969_0.516","985",14
"298.97289_0.8883","2838",23
"299.07673_2.0186","4365",5
"299.07679_1.0363","2997",5
"299.09691_0.6055","1334",24
"299.98467_6.5898","4807",16
"299.9847_8.442","5509",16
"300.08005_2.0187","4368",1
"301.11893_5.9036","4629",4
"302.10047_0.6389","1622",6
"302.12228_5.9057","4631",13
"303.12096_10.1626","5803",8
"303.95194_0.8649","3179",23
"304.91414_0.4673","602",23
"305.06962_7.4963","5101",6
"305.90075_1.4805","4214",2
"305.93115_1.1329","3741",23
"305.96776_0.89","2912",1
"306.08284_0.9249","3002",7
"307.06547_7.5052","5108",17
"307.08529_7.7988","5414",2
"308.14993_6.0061","4630",13
"308.14998_6.9042","4943",13
"308.99307_0.8834","2606",1
"309.09027_7.7971","5413",3
"309.11872_0.8215","3009",1
"309.86956_2.722","4439",23
"309.98893_0.8777","2785",24
"311.89712_1.1372","3240",3
"313.11296_0.6096","1426",24
"313.93679_1.1306","3139",23
"314.08775_1.5742","4295",3
"314.08784_2.467","4407",3
"314.09651_0.6118","1410",23
"314.96674_1.129","3166",2
"314.96793_0.8796","2779",23
"315.00433_4.4736","4558",2
"315.07009_0.6064","1350",24
"315.07184_1.7632","4332",3
"315.07185_2.1224","4389",3
"315.08056_0.6197","1507",24
"315.9295_1.4898","4226",23
"316.01318_4.475","4555",23
"317.05425_1.1266","3086",1
"317.1138_7.793","5418",8
"318.07594_0.6394","2735",24
"318.08349_1.0573","3006",7
"319.09309_8.4182","5490",3
"319.94668_0.8671","3230",23
"320.81646_1.2809","3841",3
"321.96241_0.7246","2484",1
"322.16542_8.4558","5615",24
"323.02802_1.1995","4153",10
"323.09609_4.4595","4553",9
"323.10898_0.647","1785",7
"323.13423_5.4428","4595",2
"323.17047_8.6555","5608",2
"323.89966_0.4165","34",2
"323.97805_0.6699","2102",2
"323.97805_0.7706","2985",1
"325.05584_7.7265","5367",8
"325.056_6.5652","4754",8
"325.05968_0.9843","2965",2
"325.10706_1.833","4343",24
"325.14993_4.0099","4533",13
"326.82946_25.9845","10138",11
"327.05644_0.692","2582",1
"327.10812_1.9405","4356",19
"328.11142_1.935","4355",4
"328.89824_0.4974","698",23
"329.08642_0.619","2760",24
"329.08725_1.2253","3716",5
"329.08737_3.1425","4467",3
"329.12376_6.2999","4658",9
"330.04619_1.5027","4243",3
"330.04623_2.8884","4452",23
"330.07038_0.6108","1408",23
"330.12708_5.6311","4603",3
"330.93908_1.1319","3190",13
"331.05437_0.6194","1485",23
"331.10273_0.9675","2938",2
"331.94721_0.8649","2369",23
"332.09796_1.4101","4117",7
"332.90252_1.1944","3479",1
"332.91994_1.466","4192",3
"332.9214_0.5142","911",3
"333.1452_7.5046","5104",9
"333.14521_7.9623","5432",9
"333.96265_0.8261","2534",7
"334.14873_7.4967","5112",15
"335.94184_0.7088","2435",1
"336.14492_8.1027","5457",9
"337.07724_0.8437","2603",1
"337.10374_1.6954","4319",13
"338.08783_1.071","3021",15
"339.09114_1.0337","3023",24
"339.108_9.471","5753",17
"340.94557_0.6063","2828",3
"341.10832_0.6517","1899",1
"341.10838_0.7826","2984",10
"341.12364_6.7088","4886",8
"341.14465_1.0125","2993",7
"342.11167_0.6512","1883",16
"342.93112_1.2058","3550",23
"343.11299_0.6514","1893",16
"343.12396_0.6613","2048",1
"343.83572_1.4474","4159",23
"343.95981_1.1252","3081",13
"344.90154_1.3299","3945",2
"345.10871_7.4607","5095",4
"345.11858_1.5759","4303",3
"345.11864_2.2056","4390",3
"346.05529_0.8652","2375",10
"347.02509_0.6909","2368",1
"347.09798_0.9298","2904",1
"347.1707_7.6667","5179",6
"347.94161_1.1309","3151",14
"350.16392_12.6055","5952",2
"351.14449_10.047","5794",18
"352.10335_6.2588","4654",8
"352.1479_10.0472","5793",13
"352.16902_8.8158","5668",3
"352.17615_8.5378","5633",2
"352.93679_0.4268","95",1
"352.95999_1.2185","3640",5
"353.03629_0.6181","1457",24
"353.04855_2.8742","4450",5
"353.0874_8.9324","5706",8
"353.1026_9.0619","5716",9
"353.10678_6.259","4656",3
"353.14192_18.4858","7131",3
"353.15011_10.0459","5788",3
"353.16024_10.9269","5850",18
"353.18124_5.4732","4593",17
"354.06083_1.054","3003",23
"355.06641_7.7183","5239",8
"355.08776_0.7381","2533",1
"356.09138_0.7943","2567",7
"356.9228_0.4842","895",5
"357.1032_0.6806","2595",1
"357.11861_2.5031","4411",2
"357.11868_6.7783","4914",3
"357.93874_1.126","3042",1
"358.16887_7.9342","5427",19
"359.0979_1.6278","4312",5
"359.13437_6.7947","4915",3
"360.10131_1.6258","4313",14
"360.14245_8.8343","5674",24
"361.09013_9.4715","5756",24
"361.15005_7.1072","4988",17
"362.15347_7.107","4991",12
"362.94045_0.4875","1163",5
"362.98887_1.2333","3674",23
"363.19218_8.2793","5475",9
"364.12466_1.0061","2352",16
"364.17623_8.8678","5684",24
"365.06364_1.2306","3659",5
"365.12361_10.2832","5809",13
"365.17945_8.8653","5683",24
"366.10813_0.6634","2073",1
"366.19177_9.5864","5766",2
"367.06403_2.0208","4367",5
"367.1046_0.6637","2071",1
"367.13924_7.5377","5175",19
"367.13931_9.0186","5704",13
"368.00416_0.6989","2573",1
"368.14258_7.6946","5397",8
"368.99437_1.1305","3127",1
"369.01033_0.6174","1440",24
"369.08224_7.0649","4978",8
"369.13967_1.8775","4349",3
"369.155_8.3065","5477",13
"369.17609_6.1445","4649",17
"371.09777_1.7321","4330",3
"371.13376_7.7539","5403",8
"371.17062_7.5896","5166",9
"372.04227_2.5185","4415",23
"373.18633_8.1036","5458",9
"374.05799_3.5195","4492",11
"375.15562_7.091","4987",15
"375.93655_1.1308","3142",23
"376.85309_1.1277","3146",23
"377.08076_7.1454","5001",13
"377.08503_0.6501","1863",1
"377.11002_0.7847","2943",23
"377.14199_17.3325","6645",3
"377.18114_6.4133","4726",17
"378.11902_7.9024","5425",3
"378.22816_11.0198","5859",20
"378.91431_0.4903","658",23
"379.15754_18.2429","7002",3
"379.16042_8.372","5486",9
"379.19684_7.2962","5011",2
"380.00466_0.6908","2480",10
"380.84312_0.516","979",10
"380.91142_0.4904","668",3
"381.15507_7.7852","5411",12
"381.90255_1.1318","3187",23
"384.12956_7.4743","5099",22
"384.97205_1.1306","3128",23
"385.11353_3.6079","4513",8
"385.1136_3.1143","4460",8
"385.11375_6.5497","4735",22
"385.15_7.9939","5438",17
"385.18637_6.0548","4638",9
"386.11693_3.6055","4511",16
"386.15342_7.9932","5437",10
"387.1139_0.6508","1877",1
"387.11395_0.7876","2974",23
"387.11884_3.6036","4512",14
"387.16553_3.7597","4523",15
"387.16563_5.169","4572",9
"387.16569_6.8093","4917",9
"388.07369_6.472","4732",16
"388.11724_0.651","1881",5
"388.13268_1.7697","4331",4
"388.16892_3.7564","4520",4
"388.16903_2.9418","4453",4
"388.16906_8.22","5471",1
"389.07719_6.4721","4733",16
"389.10852_4.33","4548",2
"389.11864_0.6513","1888",7
"389.12352_7.7388","5396",5
"389.12365_7.4281","5096",13
"390.06886_6.4708","4734",23
"390.13196_8.8338","5678",24
"391.02772_6.5606","4740",12
"392.08028_8.8334","5677",4
"393.11868_8.0144","5442",19
"394.12187_8.0243","5444",15
"395.09775_7.173","5006",19
"395.19167_7.2974","5035",9
"396.10112_7.1699","5005",10
"397.08791_8.4611","5616",2
"399.16876_4.4442","4551",3
"399.20192_8.5939","5647",6
"400.94425_1.1308","3130",2
"401.10832_6.3739","4730",22
"401.13486_8.9376","5696",9
"402.0892_8.0765","5453",16
"403.04561_9.7833","5775",23
"403.09267_8.0777","5454",1
"403.81104_1.3764","4047",3
"403.8233_1.4204","4122",11
"404.08404_8.0768","5451",16
"405.17613_8.8263","5671",9
"406.03004_3.1646","4469",23
"410.86262_0.4989","713",10
"411.20196_10.6526","5836",15
"412.03023_0.6584","2981",10
"412.86042_0.4989","702",3
"413.10194_3.2789","4473",9
"413.18117_6.2179","4651",9
"413.18117_8.1538","5460",9
"413.21766_11.6544","5911",15
"413.96503_1.1288","3108",2
"415.321_22.0573","8941",18
"416.10496_9.2072","5740",16
"416.20025_7.6056","5121",24
"416.32438_22.0577","8942",15
"417.10839_9.2079","5729",1
"417.13974_2.1799","4388",2
"417.17613_8.0748","5449",6
"417.94712_1.1309","3134",23
"418.08426_5.4377","4594",11
"418.09956_9.2072","5727",16
"418.89297_0.4634","457",23
"419.09138_8.0394","5445",23
"419.13191_10.0478","5792",10
"419.13431_7.172","5004",23
"419.13433_8.3665","5483",5
"420.04578_5.4104","4590",16
"420.81353_1.4092","4108",19
"421.04901_5.4082","4589",16
"422.02488_1.2669","3782",16
"422.04062_5.4093","4591",16
"422.05115_1.7157","4324",3
"422.058_7.319","5066",16
"422.96561_6.5642","4746",23
"423.02799_1.2669","3783",16
"423.04418_5.41","4588",1
"423.0614_7.318","5065",16
"424.01287_7.7973","5416",3
"424.01978_1.2669","3781",3
"424.05216_7.3464","5064",23
"425.02343_1.2666","3774",16
"426.83886_0.5025","806",13
"427.19664_7.019","4963",18
"427.23313_9.8267","5782",6
"428.16356_7.7829","5408",24
"429.17592_7.1954","5106",9
"429.21233_8.8172","5669",9
"429.98334_2.8719","4448",11
"430.12048_10.3265","5807",11
"431.09774_9.1959","5726",23
"431.97547_1.0856","3032",24
"432.18678_7.7497","5399",8
"432.19498_6.1959","4640",12
"433.05607_10.9715","5853",24
"433.11324_7.8165","5420",4
"433.17087_2.8418","4445",9
"433.20724_3.6374","4517",17
"434.0612_7.2754","5024",16
"434.21063_4.4723","4556",12
"435.06449_7.2759","5023",16
"435.95747_0.6899","2334",15
"436.04027_1.2881","3837",16
"436.05603_7.2757","5022",16
"436.10312_9.3735","5736",13
"436.81425_0.5622","1216",13
"437.04311_1.2879","3836",16
"437.08604_6.6777","4879",23
"437.14469_8.5331","5632",12
"438.02489_9.4704","5750",13
"438.03494_1.2879","3840",16
"438.14822_8.5358","5637",24
"439.03314_9.4703","5749",4
"439.03833_1.2877","3838",16
"439.08521_0.6514","1891",1
"439.08753_6.8439","4924",2
"439.12399_7.0807","4986",2
"440.02524_0.8675","2971",1
"440.03114_1.2937","3905",3
"443.19169_8.5439","5636",18
"443.3523_23.5736","9063",18
"443.99913_2.0194","4364",23
"444.19515_8.543","5635",10
"444.35567_23.5758","9066",9
"445.03758_6.6023","4866",16
"445.20744_9.2965","5733",15
"445.23523_19.131","7503",6
"445.94192_1.1308","3133",23
"446.04123_6.6032","4861",15
"446.04528_8.4463","5567",3
"446.15078_0.6508","1879",23
"446.23867_19.084","7509",24
"446.75311_6.5947","4786",2
"446.9017_0.4889","645",11
"447.05229_8.4467","5556",16
"447.05322_6.5955","4842",16
"447.09264_7.892","5424",17
"447.14041_9.4867","5760",9
"447.25112_25.4845","9717",6
"447.35645_6.5964","4768",4
"447.36016_6.5964","4787",4
"448.05615_6.5959","4845",10
"448.07679_8.436","5501",16
"448.83045_0.5163","990",2
"449.04722_6.5952","4841",16
"449.06071_6.6071","4867",23
"449.07986_8.4316","5492",16
"450.05104_6.5965","4849",10
"450.05602_1.5216","4276",16
"450.07174_8.4343","5491",16
"451.05612_6.5945","4782",1
"451.05927_1.5214","4275",16
"451.0699_9.9655","5789",3
"452.03526_1.5253","4281",16
"452.05112_1.5211","4274",14
"452.27775_14.6807","6130",2
"453.03828_1.514","4306",10
"453.05455_1.5155","4271",16
"453.10089_3.6015","4507",10
"453.1373_8.0018","5433",17
"454.02997_1.4553","4307",23
"454.10434_3.5997","4501",23
"455.08773_8.8332","5680",23
"455.26461_11.0564","5876",18
"459.22312_9.5184","5761",9
"460.16663_0.6513","1889",1
"460.18186_8.5427","5630",9
"460.19004_6.0266","4633",13
"461.03263_6.8261","4999",15
"461.03272_6.662","4868",15
"461.15066_0.6392","1628",1
"461.20253_6.1002","4645",9
"462.04037_7.1417","4996",24
"462.09272_9.415","5746",16
"462.80426_25.9586","10107",5
"462.87591_0.4923","655",13
"463.04802_7.543","5221",15
"463.04809_6.6008","4862",16
"463.0482_6.8351","4995",15
"463.04821_4.1495","4542",15
"463.09599_9.4146","5744",16
"464.05124_6.601","4863",16
"464.07164_2.0288","4370",16
"464.08706_9.4156","5745",16
"464.80423_0.5162","996",3
"465.04178_6.6008","4858",16
"465.0749_2.0257","4372",16
"465.09079_9.4166","5741",1
"465.1741_20.3862","8469",14
"466.06624_2.0261","4371",16
"467.16642_7.9124","5426",13
"468.15034_3.1108","4462",4
"469.03461_6.5968","4840",13
"469.20724_9.5486","5764",15
"470.07659_8.0768","5450",15
"471.07537_0.6535","1933",24
"472.11087_7.413","5087",13
"472.16641_0.6628","2070",1
"473.20214_7.5677","5098",9
"474.07967_8.4437","5525",16
"474.26201_13.2151","5974",9
"475.04768_8.4484","5605",16
"475.04805_7.5588","5147",24
"475.12395_8.7195","5664",17
"476.07964_0.8475","2931",23
"476.10814_10.2998","5821",16
"476.27762_14.1396","6069",2
"477.0275_7.5542","5132",16
"477.06362_6.4605","4731",15
"477.06363_7.5567","5136",16
"477.06371_8.4468","5595",16
"477.11138_10.2997","5822",3
"477.14536_0.6853","2233",7
"478.06662_8.4466","5590",15
"478.06692_7.5563","5134",15
"478.08731_3.4966","4490",16
"478.10267_10.2999","5823",16
"479.04298_6.6042","4850",16
"479.05759_7.556","5133",16
"479.05871_8.447","5598",16
"479.09056_3.4941","4488",16
"479.1065_10.3007","5818",15
"479.98354_1.2619","3760",16
"480.06145_7.5563","5128",16
"480.06152_8.4466","5594",16
"480.08186_3.4928","4487",3
"480.12873_1.031","2995",7
"480.30876_16.2177","6420",15
"481.06625_8.4478","5544",15
"481.08559_3.487","4486",15
"481.25657_25.5251","9911",6
"483.09055_3.6075","4514",17
"483.2724_25.5352","9924",6
"484.06673_6.71","4883",16
"484.06682_8.0031","5434",11
"484.86996_0.5125","891",4
"485.16154_0.647","1786",1
"486.04591_1.7692","4333",3
"486.16504_0.6469","1767",15
"487.17765_0.6477","1802",24
"487.32704_13.7574","6032",18
"488.03312_5.4087","4586",4
"488.12739_9.0622","5718",10
"488.18035_0.6482","1752",24
"489.17605_7.3737","5071",15
"490.01249_1.2641","3800",14
"493.05859_7.5579","5143",16
"494.06095_8.4507","5562",16
"494.0619_7.5573","5141",16
"494.07905_9.0532","5711",15
"494.09763_6.3652","4715",16
"495.05261_7.5585","5151",16
"495.10113_6.365","4712",15
"495.22079_9.8138","5779",17
"496.09489_6.3637","4700",15
"496.17586_16.122","6347",23
"498.1189_8.5928","5645",15
"499.17725_0.6448","1741",7
"500.15569_8.181","5466",5
"501.16033_8.1854","5468",17
"503.16081_0.6434","1720",1
"505.25654_17.2044","6619",6
"506.1376_7.7597","5402",10
"507.074_7.4248","5084",11
"507.07403_6.812","4919",16
"507.27195_25.5261","9912",9
"508.09778_5.1764","4574",23
"508.86883_0.4983","880",3
"509.28803_25.5364","9927",9
"510.05668_7.5545","5130",16
"513.20797_6.4143","4727",13
"514.1558_3.1081","4461",13
"515.04034_6.5957","4844",1
"515.12451_0.6799","2147",1
"515.94715_1.1304","3111",9
"516.04387_6.5963","4847",23
"517.03479_6.5965","4838",23
"517.13439_8.9449","5697",17
"517.14054_0.8166","2565",1
"518.04355_1.5375","4290",15
"518.16595_6.7517","4897",13
"519.18634_7.5736","5161",5
"520.18982_7.5734","5160",13
"520.94143_1.2641","3799",23
"521.0176_1.3015","3900",16
"521.20203_7.0768","4894",5
"521.94926_1.2653","3772",16
"522.02053_1.3061","3916",16
"522.20543_7.0762","4982",10
"523.01248_1.3048","3919",3
"523.06903_6.8116","4921",12
"524.07229_6.8106","4920",23
"527.01014_6.5907","4785",16
"529.97492_8.4471","5570",23
"530.03561_3.6041","4509",13
"530.07989_9.4144","5742",16
"532.03025_6.5952","4831",3
"532.79166_0.516","983",19
"533.29609_13.5367","6012",15
"535.03357_1.4872","4220",10
"535.14502_8.3644","5482",8
"535.14503_8.4744","5653",17
"535.31169_14.4583","6101",15
"535.9653_1.2874","3842",22
"540.33005_14.7293","6141",6
"541.12724_20.4652","8517",13
"542.10852_8.5435","5631",15
"544.09562_10.3006","5820",16
"545.05105_8.4466","5589",16
"545.05122_7.557","5140",16
"545.16031_19.1455","7549",15
"545.16033_18.8417","7292",15
"545.25973_9.7745","5774",15
"546.05445_8.4476","5600",16
"547.04644_8.447","5574",16
"547.23402_19.0801","7477",15
"547.23407_17.7932","6829",15
"549.16634_0.6424","1703",1
"549.20807_7.2776","5026",13
"549.97955_1.5247","4282",24
"551.10045_7.6386","5172",3
"551.13993_8.4709","5619",15
"551.17627_5.4394","4584",17
"551.21271_7.2543","5018",13
"551.9471_1.304","3918",16
"552.10388_7.6386","5168",16
"552.17973_5.5292","4581",23
"552.17973_5.7722","4610",15
"552.20279_14.678","6127",13
"552.23456_11.3789","5893",15
"552.23459_11.8607","5923",15
"553.09575_7.6364","5170",15
"555.24726_9.4308","5748",15
"557.01925_8.4443","5523",16
"557.2629_9.2384","5730",15
"559.31116_20.1814","8329",19
"560.0904_6.3648","4708",16
"560.31503_14.181","6059",15
"561.08582_10.2992","5810",16
"561.09374_6.3647","4706",16
"561.96419_6.6035","4869",23
"562.04093_8.4481","5591",3
"562.08491_6.364","4701",3
"562.31433_13.2015","5983",15
"562.31433_13.4333","6004",9
"562.98847_2.0255","4369",11
"563.13977_7.0269","4966",15
"564.32996_14.1868","6074",10
"564.32997_13.9385","6046",9
"565.04693_3.1518","4468",7
"565.96284_1.486","4212",22
"566.05037_3.1511","4458",23
"567.0119_6.5967","4835",16
"567.09533_7.6379","5171",1
"568.09856_7.634","5173",3
"568.22942_11.4369","5895",15
"568.83116_0.5143","921",13
"574.08278_0.656","1978",12
"576.03109_10.3007","5814",13
"576.11086_10.1089","5797",15
"576.98665_8.4469","5597",13
"576.98678_7.5563","5125",24
"577.08048_6.3633","4683",16
"577.15555_7.3154","5059",12
"577.15558_7.9308","5441",15
"578.15877_7.3152","5055",12
"578.25149_19.1597","7512",19
"578.98897_8.448","5586",15
"579.16116_7.3152","5056",12
"579.20746_7.6812","5177",5
"580.16396_7.3154","5050",10
"580.21096_7.6806","5176",3
"581.18685_6.779","4910",17
"583.02829_6.5975","4843",10
"583.20247_4.082","4541",17
"586.97097_6.5952","4813",15
"587.11158_7.3811","5073",23
"587.22906_18.5973","7189",15
"588.09564_7.5328","5117",10
"589.09877_7.5328","5116",16
"590.09162_7.5342","5115",16
"591.17126_8.5598","5642",8
"591.17127_8.1555","5462",8
"591.1713_9.0575","5713",8
"591.26514_7.8317","5421",15
"591.51099_23.115","9025",15
"592.17469_8.5596","5641",8
"592.17472_8.1564","5464",8
"592.17474_9.0572","5717",8
"592.26865_7.8314","5419",19
"593.15047_6.8632","4932",12
"593.15052_6.0893","4643",17
"593.17697_8.5447","5640",15
"593.17699_9.0609","5715",13
"593.18689_7.3689","5070",17
"593.27258_15.6162","6259",24
"594.15386_6.8628","4929",12
"594.27594_15.6159","6258",19
"595.15623_6.8622","4927",12
"595.28819_16.9669","6564",22
"601.26608_8.3684","5484",17
"603.10674_6.5988","4864",24
"605.23946_17.2134","6623",15
"605.2759_19.6189","7844",18
"605.27594_19.7846","8026",15
"605.40496_19.094","7492",15
"606.07364_3.0259","4457",15
"606.12165_10.9384","5851",23
"606.18418_17.2043","6618",22
"606.2793_19.6188","7843",3
"607.12934_6.4012","4723",15
"607.25537_18.2453","7004",14
"607.28246_19.6184","8038",3
"608.19135_19.9399","8148",17
"608.25863_18.2435","7000",7
"608.2852_19.6187","7881",22
"609.14546_6.3985","4724",12
"610.14829_6.3984","4725",10
"611.40714_20.7696","8680",4
"612.06239_6.3615","4693",3
"612.2602_14.727","6139",21
"613.03807_8.4475","5584",10
"613.15306_8.5385","5643",15
"613.21306_6.4244","4728",9
"614.49894_21.5633","8901",15
"614.94256_1.3048","3913",13
"616.98144_8.4482","5582",13
"617.9509_1.3069","3915",10
"619.25516_18.3983","7074",18
"619.25517_18.5833","7217",18
"620.25849_18.3979","7075",3
"620.2585_18.4989","7221",3
"621.18178_7.439","5091",12
"621.23469_16.6132","6518",22
"621.26153_18.3993","7080",12
"623.16097_7.3153","4959",12
"625.26608_14.149","6070",22
"628.07815_6.3619","4691",10
"631.23986_8.4834","5622",15
"631.48917_21.5631","8896",4
"632.02018_6.3638","4684",23
"635.25004_19.0252","7452",19
"637.1767_7.0381","4969",17
"637.26299_19.6043","7873",21
"637.2658_19.1604","7517",19
"639.28185_13.516","6011",18
"640.15115_7.3155","5061",12
"640.28522_13.5149","6009",9
"641.15461_7.3152","5060",15
"642.15701_7.3154","5053",13
"643.968_8.4473","5599",13
"645.14297_7.3154","5062",12
"645.16964_7.421","5078",15
"646.06135_6.8627","4939",15
"646.14618_7.3149","5047",12
"646.96348_3.5914","4505",15
"647.27157_8.496","5623",21
"647.43079_19.9918","8221",15
"648.27496_8.4941","5624",15
"651.19066_19.5974","7821",15
"651.24515_18.5596","7177",17
"651.24526_17.8559","6846",19
"651.28128_19.6995","7761",22
"651.28133_19.9339","8126",19
"652.24858_17.8555","6844",13
"652.28479_19.9335","7937",15
"656.14619_6.8629","4931",10
"661.13805_6.8632","4934",12
"663.19217_7.9917","5435",10
"665.26079_18.4047","7071",19
"665.41593_20.3231","8387",15
"667.27674_13.6988","6025",15
"667.27684_15.9147","6312",15
"667.27686_14.7158","6136",15
"671.27167_14.7188","6133",22
"671.27175_15.3137","6222",22
"675.13241_7.315","5044",12
"675.42555_19.9924","8194",15
"676.07203_7.3152","5052",23
"677.07682_7.3149","5041",15
"677.13523_8.1463","5627",22
"677.13526_8.8141","5723",22
"677.13527_8.6866","5705",15
"678.13863_8.0777","5583",19
"678.23801_19.2961","7646",1
"679.14125_7.7607","5409",15
"681.23921_6.1321","4646",15
"683.27154_15.8637","6304",15
"685.47314_25.4608","9553",24
"686.17672_7.086","4985",15
"687.23052_15.8555","6295",15
"691.12746_6.8628","4926",12
"692.06741_6.8627","4928",10
"694.17384_7.9867","5436",15
"696.09415_7.3152","5048",17
"701.26404_14.3021","6086",15
"709.47211_19.3587","7622",13
"709.47409_25.4277","9513",15
"711.08639_6.8629","4930",24
"712.08906_6.8633","4940",14
"714.55063_21.466","8870",20
"716.2931_15.7911","6284",22
"717.27598_7.3049","5034",15
"717.30032_8.6877","5659",15
"719.25634_17.5733","6765",18
"720.22309_15.1334","6196",14
"720.25911_17.5727","6762",9
"721.17674_9.1801","5725",15
"721.2217_15.1327","6197",15
"721.25803_17.573","6763",12
"721.36469_13.1856","5996",18
"721.36471_13.0485","5967",6
"722.07798_7.3154","5057",24
"725.20804_9.0081","5703",15
"727.2449_6.1323","4711",5
"728.2483_6.1305","4647",13
"730.5458_20.3912","8531",20
"731.54923_20.39","8479",18
"733.23576_16.1609","6396",3
"733.23598_15.6077","6257",14
"734.23852_16.1611","6398",3
"735.23746_16.1605","6386",5
"737.24933_17.5724","6758",4
"737.4111_16.6207","6498",6
"738.24817_17.5731","6754",15
"739.20845_5.8901","4621",12
"739.20852_7.2144","4973",15
"740.21186_5.8901","4620",12
"741.21435_5.8893","4619",12
"745.48823_20.182","8317",19
"746.31873_17.8459","6842",4
"750.22582_16.1608","6392",22
"751.22841_16.1605","6385",14
"752.22717_16.1606","6389",15
"752.52615_21.4674","8876",20
"753.40586_15.7938","6285",19
"755.2031_6.7071","4890",12
"755.20323_4.5397","4563",12
"756.20664_6.707","4885",15
"759.46768_18.3521","7109",18
"759.46769_18.234","6994",19
"760.47111_18.2923","7045",2
"760.47602_18.9539","7407",19
"760.5568_21.4681","8875",20
"761.48231_18.1521","7063",6
"765.47817_20.0359","8235",18
"766.52285_20.3883","8534",20
"767.52622_20.3884","8549",18
"768.5212_20.3885","8543",20
"770.46063_17.087","6587",19
"776.55172_20.3907","8461",20
"777.47822_17.4671","6698",6
"777.47824_17.6402","6812",6
"777.47833_18.1597","7051",18
"777.55504_20.396","8537",18
"778.48171_17.4693","6697",22
"778.48174_17.5696","6809",13
"778.48183_18.1564","6951",22
"780.45264_19.4484","7720",22
"781.43737_16.7118","6545",18
"782.46032_17.5343","6725",19
"784.47579_18.2604","7011",19
"785.22908_8.3116","5478",15
"789.47838_19.7491","7963",2
"791.15053_15.1299","6194",4
"791.18652_17.5727","6761",18
"791.27658_7.8583","5423",15
"791.45801_14.8194","6160",21
"791.49386_18.5557","7202",15
"791.4939_18.4373","7105",6
"792.49733_18.433","7209",22
"793.47352_16.0468","6333",21
"793.50044_18.4385","7096",22
"793.50943_20.7135","8642",6
"793.5416_20.4203","8497",7
"794.18889_17.5731","6749",4
"794.49628_19.3144","7649",19
"794.51291_20.7134","8641",22
"795.44449_18.3213","7040",22
"795.51587_20.7129","8638",15
"797.32437_7.1086","4989",6
"800.54356_25.4472","9579",6
"801.57231_24.5963","9104",21
"802.20403_5.8899","4617",10
"805.47361_18.1957","6910",15
"805.47365_18.3238","7038",21
"805.47366_17.9069","6870",18
"805.47387_15.8666","6297",21
"805.50978_19.0119","7442",21
"805.5099_18.4411","7111",20
"806.47687_17.909","6872",22
"806.4769_18.2951","6903",22
"807.19573_5.8882","4622",12
"807.48886_18.1534","6950",21
"807.4895_16.2546","6426",19
"808.16839_16.1601","6368",4
"808.19908_5.8885","4625",19
"808.48389_20.1873","8320",22
"808.49244_18.1486","6948",22
"809.34133_16.6191","6497",22
"809.46745_17.6156","6788",15
"809.46852_16.1411","6352",18
"809.49517_18.1684","6988",22
"809.50356_18.8214","7348",15
"810.47157_16.1402","6351",22
"811.49272_20.1864","8327",22
"812.50546_20.7113","8633",19
"813.48166_24.5518","9097",22
"815.15711_6.5899","4793",16
"819.45304_15.1364","6203",18
"819.52427_19.2925","7642",21
"819.56569_24.6009","9112",20
"820.18382_17.5728","6742",19
"820.45639_15.1359","6201",19
"820.52791_19.2829","7639",22
"820.52848_20.8186","8698",22
"821.45932_15.1348","6199",22
"821.46838_17.6103","6672",21
"822.465_18.2662","7031",22
"822.47147_17.6319","6848",20
"823.48398_17.4169","6714",21
"823.48405_18.1588","7049",21
"823.48423_17.2525","6624",6
"823.48439_16.487","6510",6
"823.531_25.4398","9509",20
"824.48623_18.1558","6957",22
"824.487_17.7787","6813",6
"824.48769_17.3619","6692",22
"824.54342_25.4446","9545",20
"825.24533_6.6211","4874",12
"825.48892_18.1559","7056",22
"825.5471_25.4455","9541",22
"826.24811_6.6185","4873",22
"826.55874_25.4446","9544",6
"827.56234_25.4449","9517",18
"827.58796_24.7199","9123",9
"829.47053_18.4434","7100",15
"833.50469_19.1221","7525",18
"835.1628_16.1613","6370",4
"835.52014_19.0499","7461",6
"836.52332_19.0504","7464",22
"837.18468_5.8876","4615",12
"837.46234_14.771","6159",18
"837.48118_25.4012","9346",19
"837.50002_16.5893","6494",21
"837.50013_18.4366","7110",21
"838.48448_25.4017","9344",21
"838.50326_18.4367","7199",22
"838.50377_16.5894","6492",22
"839.47899_17.1743","6668",21
"839.49238_25.3976","9335",2
"839.50744_16.5843","6488",22
"840.47381_18.1581","6964",22
"840.48244_16.0454","6331",15
"841.49448_15.0164","6182",6
"841.65824_25.3524","9196",18
"842.56232_23.4869","9054",20
"844.49688_17.3242","6642",19
"845.05681_1.266","3788",22
"845.41314_20.1953","8332",22
"847.4117_18.4361","7113",13
"847.41795_20.1944","8328",19
"847.42891_20.7134","8639",22
"847.48387_16.1152","6343",18
"847.55617_21.5452","8888",19
"848.43179_20.7138","8640",6
"848.48756_16.1113","6342",19
"849.49924_18.4993","7137",19
"849.57193_22.312","8970",18
