"feature_id","module_id"
"1888",1
"2227",1
"2239",1
"2352",1
"2419",1
"2904",1
"2944",1
"2974",1
"2985",1
"2992",1
"3003",1
"4322",1
"4332",1
"4334",1
"4336",1
"4349",1
"4356",1
"4432",1
"4446",1
"4449",1
"4451",1
"4456",1
"4459",1
"4463",1
"4484",1
"4510",1
"4529",1
"4531",1
"4538",1
"4539",1
"4548",1
"4552",1
"4557",1
"4558",1
"4569",1
"4571",1
"4572",1
"4584",1
"4599",1
"4600",1
"4605",1
"4609",1
"4640",1
"4641",1
"4649",1
"4654",1
"4670",1
"4672",1
"4711",1
"4735",1
"4742",1
"4744",1
"4750",1
"4753",1
"4754",1
"4878",1
"4889",1
"4891",1
"4892",1
"4910",1
"4942",1
"4951",1
"4956",1
"4967",1
"4971",1
"4972",1
"4982",1
"4984",1
"4989",1
"5002",1
"5035",1
"5037",1
"5045",1
"5081",1
"5091",1
"5093",1
"5095",1
"5096",1
"5106",1
"5121",1
"5160",1
"5161",1
"5164",1
"5167",1
"5245",1
"5316",1
"5360",1
"5367",1
"5377",1
"5386",1
"5391",1
"5396",1
"5402",1
"5426",1
"5429",1
"5466",1
"5616",1
"5648",1
"5651",1
"5653",1
"5670",1
"5671",1
"5696",1
"5700",1
"5701",1
"5752",1
"5753",1
"5760",1
"5765",1
"5769",1
"5801",1
"5825",1
"5893",1
"5895",1
"5958",1
"5966",1
"5983",1
"5996",1
"6004",1
"6009",1
"6011",1
"6045",1
"6059",1
"6070",1
"6081",1
"6280",1
"6312",1
"6620",1
"6645",1
"7000",1
"7002",1
"7004",1
"7189",1
"7208",1
"7221",1
"7292",1
"7322",1
"7411",1
"7509",1
"7512",1
"7549",1
"7575",1
"7811",1
"7856",1
"7881",1
"8028",1
"8118",1
"8377",1
"944",1
"4617",2
"4619",2
"5381",2
"5470",2
"5959",2
"6041",2
"6046",2
"6060",2
"6069",2
"6074",2
"6088",2
"6112",2
"6130",2
"6141",2
"6196",2
"6201",2
"6202",2
"6203",2
"6207",2
"6257",2
"6282",2
"6283",2
"6343",2
"6386",2
"6394",2
"6395",2
"6396",2
"6398",2
"6402",2
"6424",2
"6454",2
"6490",2
"6494",2
"6498",2
"6510",2
"6524",2
"6619",2
"6624",2
"6649",2
"6664",2
"6668",2
"6692",2
"6698",2
"6714",2
"6725",2
"6757",2
"6762",2
"6763",2
"6764",2
"6765",2
"6799",2
"6812",2
"6846",2
"6870",2
"6903",2
"6948",2
"6950",2
"6951",2
"6957",2
"6994",2
"7003",2
"7011",2
"7012",2
"7038",2
"7045",2
"7049",2
"7051",2
"7068",2
"7074",2
"7105",2
"7109",2
"7110",2
"7116",2
"7202",2
"7203",2
"7209",2
"7234",2
"7325",2
"7330",2
"7407",2
"7412",2
"7442",2
"7445",2
"7447",2
"7461",2
"7503",2
"7515",2
"7517",2
"7525",2
"7534",2
"7578",2
"7581",2
"7642",2
"7649",2
"7711",2
"7715",2
"7838",2
"7843",2
"7844",2
"7937",2
"7999",2
"8001",2
"8004",2
"8026",2
"8038",2
"8126",2
"8235",2
"8317",2
"8319",2
"8323",2
"8461",2
"8495",2
"8618",2
"8641",2
"8642",2
"8678",2
"8696",2
"8698",2
"8701",2
"8839",2
"8863",2
"8952",2
"8964",2
"9138",2
"9217",2
"9346",2
"9541",2
"9544",2
"9545",2
"9579",2
"9717",2
"2147",3
"2334",3
"2353",3
"2841",3
"3028",3
"3726",3
"3767",3
"4282",3
"4325",3
"4333",3
"4390",3
"4461",3
"4504",3
"4506",3
"4541",3
"4581",3
"4610",3
"4668",3
"4689",3
"4718",3
"4727",3
"4778",3
"4780",3
"4790",3
"4881",3
"4909",3
"4935",3
"4936",3
"4969",3
"5012",3
"5032",3
"5053",3
"5111",3
"5123",3
"5272",3
"5375",3
"5390",3
"5403",3
"5418",3
"5432",3
"5461",3
"5463",3
"5465",3
"5478",3
"5484",3
"5546",3
"5547",3
"5561",3
"5573",3
"5583",3
"5608",3
"5617",3
"5619",3
"5649",3
"5661",3
"5703",3
"5710",3
"5712",3
"5715",3
"5723",3
"5725",3
"5759",3
"5811",3
"5816",3
"5817",3
"5874",3
"5880",3
"5980",3
"6012",3
"6014",3
"6024",3
"6054",3
"6055",3
"6058",3
"6086",3
"6101",3
"6133",3
"6136",3
"6204",3
"6222",3
"6254",3
"6255",3
"6258",3
"6267",3
"6415",3
"6423",3
"6432",3
"6436",3
"6462",3
"6476",3
"6491",3
"6550",3
"6587",3
"6603",3
"6625",3
"6659",3
"6670",3
"6679",3
"6738",3
"6788",3
"6842",3
"6923",3
"7356",3
"7421",3
"7457",3
"7514",3
"7718",3
"7895",3
"7896",3
"7922",3
"8013",3
"8015",3
"8019",3
"8194",3
"8221",3
"886",3
"8970",3
"9017",3
"937",3
"964",3
"989",3
"1005",4
"1840",4
"1852",4
"1878",4
"1891",4
"1933",4
"1964",4
"2038",4
"2369",4
"2734",4
"2915",4
"3033",4
"3034",4
"3139",4
"3178",4
"3760",4
"3774",4
"3781",4
"3782",4
"3783",4
"3799",4
"3836",4
"3837",4
"3838",4
"3840",4
"3848",4
"3852",4
"3857",4
"3900",4
"3916",4
"3919",4
"4274",4
"4275",4
"4276",4
"4281",4
"4370",4
"4487",4
"4488",4
"4490",4
"4589",4
"4590",4
"4591",4
"4715",4
"4724",4
"4784",4
"4795",4
"4821",4
"4824",4
"4840",4
"4841",4
"4842",4
"4845",4
"4849",4
"4858",4
"4861",4
"4862",4
"4863",4
"4866",4
"4919",4
"4921",4
"4996",4
"5024",4
"5065",4
"5066",4
"5129",4
"5133",4
"5134",4
"5136",4
"5138",4
"5139",4
"5141",4
"5143",4
"5144",4
"5145",4
"5147",4
"5150",4
"5153",4
"5154",4
"5155",4
"5158",4
"5171",4
"5172",4
"5240",4
"5247",4
"5248",4
"5414",4
"5453",4
"5501",4
"5525",4
"5530",4
"5542",4
"5543",4
"5553",4
"5567",4
"5589",4
"5590",4
"5591",4
"5594",4
"5595",4
"5598",4
"5600",4
"5609",4
"5740",4
"5744",4
"5745",4
"5746",4
"5821",4
"5822",4
"5823",4
"8447",4
"891",4
"909",4
"911",4
"919",4
"923",4
"927",4
"954",4
"955",4
"958",4
"967",4
"969",4
"977",4
"978",4
"979",4
"983",4
"990",4
"996",4
"4616",5
"4622",5
"4931",5
"4933",5
"5034",5
"5856",5
"6109",5
"6113",5
"6159",5
"6160",5
"6161",5
"6182",5
"6197",5
"6199",5
"6230",5
"6251",5
"6252",5
"6266",5
"6284",5
"6285",5
"6297",5
"6298",5
"6299",5
"6303",5
"6304",5
"6330",5
"6333",5
"6334",5
"6342",5
"6345",5
"6350",5
"6351",5
"6352",5
"6358",5
"6366",5
"6367",5
"6384",5
"6406",5
"6409",5
"6410",5
"6439",5
"6440",5
"6458",5
"6485",5
"6488",5
"6492",5
"6493",5
"6500",5
"6539",5
"6545",5
"6604",5
"6606",5
"6642",5
"6672",5
"6681",5
"6682",5
"6697",5
"6728",5
"6770",5
"6773",5
"6778",5
"6800",5
"6809",5
"6811",5
"6813",5
"6826",5
"6844",5
"6848",5
"6866",5
"6867",5
"6872",5
"6885",5
"6887",5
"6910",5
"6911",5
"6917",5
"6918",5
"6937",5
"6953",5
"6968",5
"6969",5
"6971",5
"6972",5
"6988",5
"6991",5
"7009",5
"7028",5
"7029",5
"7032",5
"7063",5
"7071",5
"7078",5
"7080",5
"7084",5
"7085",5
"7096",5
"7101",5
"7107",5
"7111",5
"7137",5
"7293",5
"7316",5
"7320",5
"7331",5
"7335",5
"7348",5
"7362",5
"7373",5
"7435",5
"7444",5
"7449",5
"7452",5
"7464",5
"7466",5
"7508",5
"7609",5
"7622",5
"7639",5
"7641",5
"7645",5
"7660",5
"7671",5
"7684",5
"7686",5
"7687",5
"7693",5
"7694",5
"7710",5
"7741",5
"7819",5
"7949",5
"7963",5
"8166",5
"8197",5
"8236",5
"8297",5
"8309",5
"8321",5
"8324",5
"8327",5
"8347",5
"8356",5
"8475",5
"8479",5
"8548",5
"8597",5
"8602",5
"8605",5
"8623",5
"8648",5
"8650",5
"8673",5
"8677",5
"8689",5
"8715",5
"8814",5
"8828",5
"8840",5
"8841",5
"8849",5
"8862",5
"8871",5
"8879",5
"8882",5
"8884",5
"8888",5
"8897",5
"8912",5
"8950",5
"8959",5
"8962",5
"8972",5
"8975",5
"8976",5
"8995",5
"9008",5
"9011",5
"9019",5
"9023",5
"9026",5
"9036",5
"9043",5
"9044",5
"9052",5
"9056",5
"9058",5
"9059",5
"9085",5
"9088",5
"9103",5
"9113",5
"9122",5
"9132",5
"9160",5
"9161",5
"9182",5
"9190",5
"9199",5
"9209",5
"9221",5
"9238",5
"9253",5
"9255",5
"9260",5
"9335",5
"9359",5
"9497",5
"9509",5
"9513",5
"9517",5
"9535",5
"9553",5
"9593",5
"9755",5
"1141",6
"1216",6
"1218",6
"1224",6
"1228",6
"2438",6
"2509",6
"2606",6
"2816",6
"2953",6
"2989",6
"3020",6
"3035",6
"3042",6
"321",6
"3289",6
"3755",6
"4294",6
"4311",6
"4328",6
"4331",6
"4355",6
"4364",6
"4381",6
"4400",6
"4410",6
"4458",6
"4464",6
"4500",6
"4502",6
"4503",6
"4505",6
"4517",6
"4518",6
"4520",6
"4525",6
"4553",6
"4554",6
"4564",6
"4580",6
"4583",6
"4613",6
"4624",6
"4630",6
"4645",6
"4647",6
"4651",6
"4800",6
"4869",6
"4897",6
"4939",6
"4966",6
"4976",6
"4977",6
"5017",6
"5029",6
"5031",6
"5041",6
"5060",6
"5092",6
"5098",6
"5122",6
"5211",6
"5337",6
"5399",6
"5409",6
"5419",6
"5423",6
"5467",6
"5487",6
"5577",6
"5630",6
"5669",6
"5680",6
"5681",6
"5697",6
"5702",6
"5708",6
"5722",6
"5757",6
"5758",6
"5761",6
"5779",6
"5804",6
"5808",6
"5846",6
"5857",6
"5872",6
"5882",6
"5904",6
"5909",6
"5923",6
"5957",6
"5968",6
"6016",6
"6116",6
"6118",6
"6170",6
"6171",6
"6190",6
"6295",6
"6331",6
"6413",6
"645",6
"6518",6
"6538",6
"6618",6
"6699",6
"6719",6
"6759",6
"6772",6
"6823",6
"685",6
"6892",6
"6962",6
"7031",6
"7098",6
"7125",6
"7177",6
"7181",6
"7408",6
"7431",6
"7477",6
"748",6
"7492",6
"7646",6
"7652",6
"7720",6
"7810",6
"7851",6
"8021",6
"8148",6
"8346",6
"8401",6
"8451",6
"8517",6
"8750",6
"8760",6
"880",6
"8815",6
"8947",6
"9025",6
"9213",6
"9242",6
"970",6
"1033",7
"1166",7
"1741",7
"2310",7
"2375",7
"2605",7
"2843",7
"2909",7
"2931",7
"3047",7
"3155",7
"3267",7
"3758",7
"3772",7
"3788",7
"3800",7
"3803",7
"3850",7
"3991",7
"4306",7
"4307",7
"4415",7
"4423",7
"4452",7
"4486",7
"4492",7
"4501",7
"4542",7
"4574",7
"4594",7
"4657",7
"4660",7
"4675",7
"4676",7
"4681",7
"4685",7
"4687",7
"4690",7
"4704",7
"4709",7
"4712",7
"4717",7
"4719",7
"4723",7
"4733",7
"4734",7
"4767",7
"4768",7
"4782",7
"4785",7
"4786",7
"4787",7
"4793",7
"4807",7
"4808",7
"4850",7
"4854",7
"4864",7
"4867",7
"4868",7
"4870",7
"488",7
"4920",7
"4925",7
"4926",7
"4980",7
"4995",7
"5020",7
"503",7
"5043",7
"5068",7
"5073",7
"5084",7
"5089",7
"5115",7
"5132",7
"5165",7
"5168",7
"5169",7
"5170",7
"5173",7
"521",7
"5221",7
"5445",7
"5476",7
"5491",7
"5509",7
"5511",7
"5523",7
"5528",7
"5539",7
"5544",7
"5545",7
"5555",7
"5556",7
"5562",7
"5579",7
"5588",7
"5601",7
"5604",7
"5605",7
"5614",7
"5627",7
"5664",7
"5678",7
"5705",7
"5741",7
"5775",7
"5797",7
"5810",7
"5818",7
"5851",7
"5853",7
"5985",7
"6623",7
"6650",7
"6999",7
"7821",7
"7873",7
"8476",7
"848",7
"871",7
"895",7
"9468",7
"10107",8
"1167",8
"3032",8
"3490",8
"3510",8
"3511",8
"3522",8
"3539",8
"3547",8
"3573",8
"3592",8
"3602",8
"3608",8
"3617",8
"3618",8
"3621",8
"3759",8
"3761",8
"4150",8
"4176",8
"4455",8
"4593",8
"4741",8
"4770",8
"4894",8
"4914",8
"4963",8
"5102",8
"5438",8
"5458",8
"5468",8
"5628",8
"5633",8
"5636",8
"5729",8
"8941",8
"1198",9
"1871",9
"2427",9
"2476",9
"2552",9
"2659",9
"2668",9
"2838",9
"3081",9
"3187",9
"32",9
"3201",9
"3234",9
"3240",9
"3260",9
"3301",9
"3309",9
"3473",9
"3550",9
"3670",9
"3762",9
"3768",9
"3891",9
"3918",9
"3924",9
"3929",9
"3943",9
"3949",9
"3951",9
"3954",9
"3963",9
"3970",9
"3971",9
"3976",9
"3978",9
"3979",9
"3986",9
"3989",9
"3994",9
"3995",9
"4001",9
"4004",9
"4023",9
"4029",9
"4034",9
"4038",9
"4040",9
"4054",9
"4056",9
"4065",9
"4069",9
"4070",9
"4080",9
"4082",9
"4084",9
"4089",9
"4092",9
"4094",9
"4096",9
"4099",9
"4111",9
"4141",9
"4168",9
"4172",9
"4175",9
"4178",9
"4179",9
"4180",9
"4211",9
"4213",9
"4214",9
"4215",9
"4217",9
"4221",9
"4223",9
"4427",9
"4428",9
"4430",9
"4431",9
"4435",9
"4438",9
"4439",9
"4441",9
"4559",9
"4749",9
"4810",9
"4848",9
"49",9
"5652",9
"5686",9
"5862",9
"6374",9
"8041",9
"10060",10
"1129",10
"1143",10
"2368",10
"2447",10
"2525",10
"2661",10
"2959",10
"2971",10
"3030",10
"3031",10
"3190",10
"34",10
"3640",10
"3674",10
"3777",10
"3905",10
"4113",10
"4140",10
"4220",10
"4243",10
"4271",10
"4324",10
"4371",10
"4372",10
"4469",10
"4473",10
"4514",10
"4528",10
"4570",10
"4588",10
"4598",10
"4691",10
"4693",10
"4700",10
"4738",10
"4739",10
"4740",10
"4746",10
"4759",10
"4798",10
"4804",10
"4883",10
"4924",10
"4960",10
"5022",10
"5023",10
"5030",10
"5050",10
"5064",10
"5128",10
"5151",10
"5192",10
"5249",10
"5268",10
"5288",10
"5289",10
"5346",10
"5378",10
"5416",10
"5442",10
"5450",10
"5451",10
"5454",10
"5492",10
"5645",10
"5672",10
"5677",10
"5711",10
"5727",10
"5736",10
"5749",10
"5750",10
"5756",10
"5807",10
"5888",10
"655",10
"676",10
"702",10
"703",10
"806",10
"8772",10
"9063",10
"9464",10
"4618",11
"5057",11
"5967",11
"6376",11
"6379",11
"6382",11
"6385",11
"6387",11
"6389",11
"6392",11
"6399",11
"6401",11
"6403",11
"6438",11
"6746",11
"6751",11
"6752",11
"6754",11
"6758",11
"6827",11
"6964",11
"6970",11
"7056",11
"7075",11
"7102",11
"7199",11
"7207",11
"7217",11
"7439",11
"7643",11
"7852",11
"8239",11
"8315",11
"8316",11
"8318",11
"8320",11
"8322",11
"8334",11
"8336",11
"8337",11
"8486",11
"8497",11
"8511",11
"8531",11
"8534",11
"8537",11
"8538",11
"8543",11
"8549",11
"8609",11
"8631",11
"8632",11
"8633",11
"8635",11
"8637",11
"8638",11
"8671",11
"8690",11
"8692",11
"8693",11
"8697",11
"8702",11
"8705",11
"8829",11
"8830",11
"8831",11
"8832",11
"8833",11
"8834",11
"8837",11
"8838",11
"8853",11
"8857",11
"8859",11
"8860",11
"8864",11
"8865",11
"8870",11
"8872",11
"8873",11
"8874",11
"8875",11
"8877",11
"8946",11
"8948",11
"8949",11
"8951",11
"8953",11
"8954",11
"8955",11
"8961",11
"8963",11
"8965",11
"8966",11
"8967",11
"9027",11
"9028",11
"9029",11
"9030",11
"9031",11
"9032",11
"9033",11
"9034",11
"9035",11
"9037",11
"9038",11
"9039",11
"9040",11
"9041",11
"9054",11
"9055",11
"9104",11
"9105",11
"9106",11
"9107",11
"9108",11
"9109",11
"9110",11
"9111",11
"9112",11
"9125",11
"9126",11
"9127",11
"9128",11
"9129",11
"9142",11
"9179",11
"9191",11
"9192",11
"9193",11
"9194",11
"9196",11
"9202",11
"9210",11
"9212",11
"9214",11
"9215",11
"9344",11
"1134",12
"1245",12
"1254",12
"1255",12
"1270",12
"1298",12
"1302",12
"1309",12
"1314",12
"1318",12
"1325",12
"1334",12
"1337",12
"1345",12
"1350",12
"1408",12
"1410",12
"1426",12
"1440",12
"1457",12
"1471",12
"1485",12
"1493",12
"1498",12
"1507",12
"1622",12
"1664",12
"1752",12
"1767",12
"1785",12
"1786",12
"1802",12
"1879",12
"1889",12
"2070",12
"2143",12
"2248",12
"2404",12
"2495",12
"2554",12
"2600",12
"2601",12
"2628",12
"2665",12
"2735",12
"2736",12
"2760",12
"2771",12
"2787",12
"2796",12
"2813",12
"2897",12
"2903",12
"2939",12
"2995",12
"3283",12
"3665",12
"4310",12
"4722",12
"5087",12
"5425",12
"5457",12
"5684",12
"6153",12
"6154",12
"669",12
"698",12
"982",12
"1015",13
"1193",13
"1308",13
"1488",13
"1508",13
"2443",13
"2534",13
"2539",13
"2573",13
"2667",13
"2834",13
"2928",13
"3119",13
"318",13
"3233",13
"3503",13
"3734",13
"3841",13
"3945",13
"3969",13
"4033",13
"4159",13
"4212",13
"4226",13
"4369",13
"4419",13
"4447",13
"4515",13
"4582",13
"4604",13
"4755",13
"4954",13
"4999",13
"5021",13
"5063",13
"5296",13
"5434",13
"5448",13
"5631",13
"5790",13
"5791",13
"5802",13
"668",13
"759",13
"7901",13
"985",13
"1165",15
"2295",15
"2318",15
"2403",15
"2480",15
"2519",15
"2849",15
"2917",15
"2977",15
"2991",15
"3065",15
"3132",15
"3138",15
"3160",15
"3200",15
"351",15
"3567",15
"4160",15
"4353",15
"4375",15
"4555",15
"4614",15
"4626",15
"4930",15
"4940",15
"5048",15
"5054",15
"5235",15
"5259",15
"5322",15
"5789",15
"6139",15
"6155",15
"6162",15
"6194",15
"6198",15
"6200",15
"6332",15
"6344",15
"6355",15
"6363",15
"6368",15
"6370",15
"6373",15
"6377",15
"6388",15
"6391",15
"6393",15
"6397",15
"6400",15
"6407",15
"6411",15
"6426",15
"6442",15
"6487",15
"6489",15
"6497",15
"6635",15
"6700",15
"6703",15
"6742",15
"6744",15
"6749",15
"6760",15
"6761",15
"6767",15
"6781",15
"6810",15
"6869",15
"6873",15
"6893",15
"6899",15
"6908",15
"6909",15
"6944",15
"6963",15
"6967",15
"6981",15
"6998",15
"7005",15
"7037",15
"7053",15
"7066",15
"7090",15
"7204",15
"7206",15
"7328",15
"7336",15
"7436",15
"7440",15
"7458",15
"7463",15
"7544",15
"7635",15
"7637",15
"7663",15
"7664",15
"7665",15
"7670",15
"7682",15
"8176",15
"8178",15
"8277",15
"8328",15
"8330",15
"8332",15
"8353",15
"8357",15
"8361",15
"8363",15
"8386",15
"8437",15
"8440",15
"8453",15
"8457",15
"8536",15
"8541",15
"8553",15
"8627",15
"8628",15
"8639",15
"8640",15
"8649",15
"8663",15
"8669",15
"8691",15
"8695",15
"8700",15
"8710",15
"8711",15
"8712",15
"8823",15
"8826",15
"8827",15
"8835",15
"8836",15
"8847",15
"8855",15
"8858",15
"8958",15
"8960",15
"10138",16
"10140",16
"10470",16
"1159",16
"1211",16
"1460",16
"2215",16
"2321",16
"2348",16
"2548",16
"2553",16
"2715",16
"2867",16
"2892",16
"2912",16
"2930",16
"3016",16
"3124",16
"3219",16
"3232",16
"3266",16
"3302",16
"3385",16
"3406",16
"3408",16
"3415",16
"3436",16
"3472",16
"3484",16
"3789",16
"3796",16
"38",16
"3820",16
"3933",16
"3977",16
"4021",16
"4026",16
"4137",16
"4146",16
"4240",16
"4248",16
"4250",16
"4287",16
"4293",16
"4308",16
"4380",16
"4421",16
"4422",16
"4426",16
"4429",16
"4433",16
"4576",16
"4656",16
"493",16
"5009",16
"5443",16
"5489",16
"5795",16
"6743",16
"6787",16
"7079",16
"7392",16
"7577",16
"7603",16
"7848",16
"7871",16
"7872",16
"7924",16
"8040",16
"8128",16
"8158",16
"8229",16
"8438",16
"8551",16
"9910",16
"9913",16
"4319",17
"4394",17
"4533",17
"4577",17
"5033",17
"5082",17
"5103",17
"5175",17
"5179",17
"5395",17
"5410",17
"5413",17
"5415",17
"5475",17
"5486",17
"5615",17
"5647",17
"5704",17
"5732",17
"5737",17
"5751",17
"5755",17
"5776",17
"5785",17
"5793",17
"5794",17
"5799",17
"5803",17
"5830",17
"5833",17
"5849",17
"5850",17
"5855",17
"5858",17
"5894",17
"5907",17
"5908",17
"5920",17
"5928",17
"5930",17
"5953",17
"5987",17
"5988",17
"6007",17
"6022",17
"6023",17
"6051",17
"6052",17
"6098",17
"6115",17
"6131",17
"6212",17
"6414",17
"6474",17
"6655",17
"7131",17
"1093",18
"1163",18
"1978",18
"2095",18
"2102",18
"2203",18
"2328",18
"2423",18
"2442",18
"2471",18
"2484",18
"2486",18
"2500",18
"2713",18
"2784",18
"2797",18
"2810",18
"2828",18
"2889",18
"289",18
"291",18
"2972",18
"2981",18
"3002",18
"3043",18
"305",18
"3073",18
"3108",18
"3111",18
"3115",18
"3123",18
"3127",18
"3128",18
"3130",18
"3133",18
"3134",18
"3141",18
"3142",18
"3151",18
"3166",18
"3172",18
"3179",18
"3230",18
"334",18
"341",18
"343",18
"355",18
"3557",18
"360",18
"3648",18
"365",18
"3741",18
"3757",18
"382",18
"388",18
"391",18
"456",18
"457",18
"472",18
"520",18
"526",18
"5266",18
"5306",18
"536",18
"558",18
"602",18
"616",18
"617",18
"631",18
"636",18
"648",18
"657",18
"658",18
"713",18
"715",18
"834",18
"855",18
"87",18
"879",18
"921",18
"929",18
"1155",19
"2287",19
"2425",19
"2435",19
"2779",19
"2785",19
"296",19
"3146",19
"3842",19
"3909",19
"3913",19
"3914",19
"3915",19
"3922",19
"3926",19
"3953",19
"3984",19
"4015",19
"4028",19
"4047",19
"4068",19
"4108",19
"4122",19
"4192",19
"4209",19
"4288",19
"4290",19
"4335",19
"4437",19
"4448",19
"4457",19
"4468",19
"4485",19
"4489",19
"4509",19
"4585",19
"4586",19
"4587",19
"4669",19
"4679",19
"4683",19
"4684",19
"4686",19
"4688",19
"4692",19
"4694",19
"4696",19
"4698",19
"4701",19
"4703",19
"4705",19
"4706",19
"4708",19
"4714",19
"4731",19
"4732",19
"4792",19
"4801",19
"4802",19
"4812",19
"4813",19
"4814",19
"4817",19
"4818",19
"4822",19
"4831",19
"4834",19
"4835",19
"4836",19
"4838",19
"4843",19
"4844",19
"4847",19
"4852",19
"4928",19
"4968",19
"4973",19
"4993",19
"5105",19
"5110",19
"5116",19
"5117",19
"5125",19
"5130",19
"5131",19
"5135",19
"5140",19
"5142",19
"5159",19
"5226",19
"5251",19
"5255",19
"5295",19
"5301",19
"5308",19
"5387",19
"5393",19
"5407",19
"5446",19
"5481",19
"5536",19
"5540",19
"5570",19
"5572",19
"5574",19
"5582",19
"5584",19
"5586",19
"5587",19
"5596",19
"5597",19
"5599",19
"5644",19
"5718",19
"5742",19
"5743",19
"5814",19
"5819",19
"5820",19
"6622",19
"2073",20
"2962",20
"2994",20
"3001",20
"3006",20
"3307",20
"3716",20
"4117",20
"4295",20
"4303",20
"4313",20
"4326",20
"4388",20
"4402",20
"4405",20
"4407",20
"4445",20
"4453",20
"4467",20
"4472",20
"4493",20
"4499",20
"4551",20
"4556",20
"4595",20
"4601",20
"4603",20
"4629",20
"4633",20
"4635",20
"4638",20
"4658",20
"4674",20
"4726",20
"4730",20
"4876",20
"4882",20
"4888",20
"4917",20
"4986",20
"4987",20
"4991",20
"5003",20
"5004",20
"5014",20
"5094",20
"5099",20
"5104",20
"5109",20
"5112",20
"5166",20
"5178",20
"5394",20
"5397",20
"5408",20
"5411",20
"5427",20
"5430",20
"5437",20
"5452",20
"5460",20
"5471",20
"5477",20
"5490",20
"5621",20
"5623",20
"5635",20
"5637",20
"5646",20
"5654",20
"5656",20
"5683",20
"5692",20
"5699",20
"5720",20
"5747",20
"5774",20
"5778",20
"5792",20
"5809",20
"5836",20
"5873",20
"5890",20
"5913",20
"5921",20
"5952",20
"5981",20
"5984",20
"6013",20
"6180",20
"6420",20
"7133",20
"1226",21
"1893",21
"2048",21
"2595",21
"2674",21
"2835",21
"2965",21
"2997",21
"3000",21
"3537",21
"4365",21
"4367",21
"4368",21
"4379",21
"4389",21
"4411",21
"4465",21
"4495",21
"4508",21
"4546",21
"4547",21
"4877",21
"4948",21
"4952",21
"5013",21
"5100",21
"5379",21
"5412",21
"5417",21
"5480",21
"5483",21
"5714",21
"148",22
"1703",22
"1863",22
"1867",22
"1877",22
"1881",22
"1883",22
"1899",22
"1968",22
"2071",22
"2199",22
"2211",22
"2216",22
"2231",22
"2373",22
"2533",22
"2567",22
"2603",22
"2984",22
"2993",22
"3009",22
"3021",22
"3023",22
"3036",22
"4136",22
"4153",22
"4323",22
"4330",22
"4460",22
"4462",22
"4507",22
"4511",22
"4512",22
"4513",22
"4523",22
"4636",22
"4652",22
"4745",22
"4873",22
"4874",22
"4886",22
"4978",22
"5079",22
"5080",22
"5224",22
"5228",22
"5229",22
"5236",22
"5237",22
"5238",22
"5239",22
"5241",22
"5244",22
"5258",22
"5262",22
"5274",22
"5280",22
"5286",22
"5299",22
"5305",22
"5310",22
"5329",22
"5349",22
"5369",22
"5370",22
"5462",22
"5464",22
"5482",22
"5640",22
"5641",22
"5642",22
"5643",22
"5687",22
"5706",22
"5707",22
"5713",22
"5716",22
"5717",22
"5719",22
"6163",24
"6164",24
"6896",24
"6898",24
"6904",24
"6906",24
"6913",24
"7662",24
"7666",24
"7667",24
"7669",24
"7672",24
"7673",24
"7674",24
"7675",24
"7676",24
"7678",24
"7679",24
"7857",24
"8172",24
"8173",24
"8175",24
"8180",24
"8181",24
"8190",24
"8191",24
"8198",24
"8202",24
"8263",24
"8275",24
"8282",24
"8283",24
"8285",24
"8286",24
"8287",24
"8293",24
"8294",24
"8305",24
"8325",24
"8331",24
"8352",24
"8359",24
"8380",24
"8510",24
"8624",24
"8630",24
"8634",24
"8654",24
"8661",24
"8662",24
"8666",24
"8668",24
"8670",24
"8713",24
"8889",24
"8891",24
"8893",24
"8902",24
"8916",24
"8917",24
"8926",24
"8929",24
"8936",24
"8969",24
"8971",24
"8974",24
"8977",24
"8978",24
"8980",24
"8985",24
"8987",24
"8990",24
"8991",24
"8996",24
"9021",24
"9024",24
"9067",24
"9068",24
"9071",24
"9081",24
"9092",24
"9093",24
"9219",24
"9223",24
"1628",25
"2943",25
"4320",25
"4470",25
"4579",25
"4611",25
"4671",25
"4879",25
"4944",25
"4962",25
"5016",25
"5026",25
"5071",25
"5176",25
"5421",25
"5449",25
"5629",25
"5668",25
"5726",25
"5733",25
"5762",25
"5780",25
"5782",25
"5875",25
"5876",25
"5911",25
"5912",25
"5918",25
"5931",25
"5974",25
"5979",25
"5995",25
"6000",25
"6001",25
"6031",25
"6032",25
"6061",25
"6078",25
"6127",25
"6129",25
"6142",25
"6191",25
"6259",25
"6525",25
"6621",25
"6644",25
"7001",25
"7266",25
"7625",25
"8469",25
"8480",25
"9911",25
"9912",25
"9924",25
"9927",25
"3010",26
"4350",26
"4376",26
"4524",26
"4612",26
"4615",26
"4625",26
"4627",26
"4631",26
"4646",26
"4665",26
"4728",26
"4774",26
"4885",26
"4898",26
"4899",26
"4915",26
"4945",26
"4974",26
"5018",26
"5090",26
"5401",26
"5433",26
"5436",26
"5488",26
"5526",26
"5622",26
"5624",26
"5659",26
"5730",26
"5748",26
"5764",26
"5965",26
"6002",26
"6025",26
"6177",26
"6220",26
"6286",26
"6404",26
"6486",26
"6519",26
"6540",26
"6586",26
"6631",26
"6632",26
"6648",26
"6696",26
"6741",26
"6745",26
"6829",26
"7006",26
"7040",26
"7059",26
"7100",26
"7113",26
"7179",26
"7180",26
"7205",26
"7228",26
"7313",26
"7314",26
"7327",26
"7450",26
"7467",26
"7520",26
"7530",26
"7587",26
"7589",26
"7691",26
"7764",26
"7863",26
"7915",26
"7978",26
"7990",26
"8159",26
"8212",26
"8329",26
"8335",26
"8340",26
"8387",26
"8481",26
"8582",26
"8622",26
"8652",26
"8672",26
"8680",26
"8687",26
"8709",26
"8821",26
"8822",26
"8852",26
"8868",26
"8876",26
"8878",26
"8881",26
"8901",26
"8943",26
"9006",26
"9048",26
"9089",26
"9097",26
"9115",26
"9123",26
"9153",26
"9268",26
"9449",26
"9475",26
"1509",27
"1717",27
"1735",27
"2286",27
"2292",27
"2325",27
"2336",27
"2360",27
"2379",27
"2410",27
"2464",27
"2494",27
"2831",27
"2850",27
"2950",27
"2986",27
"2987",27
"3004",27
"3005",27
"3018",27
"3022",27
"3300",27
"3360",27
"3475",27
"3477",27
"3793",27
"4327",27
"4337",27
"4360",27
"4366",27
"4382",27
"4384",27
"4398",27
"4424",27
"4560",27
"4561",27
"4747",27
"4748",27
"4949",27
"4958",27
"4975",27
"5157",27
"5314",27
"5663",27
"5691",27
"5693",27
"4563",28
"4620",28
"4621",28
"4623",28
"4643",28
"4659",28
"4661",28
"4662",28
"4663",28
"4664",28
"4666",28
"4667",28
"4710",28
"4725",28
"4890",28
"4893",28
"4900",28
"4901",28
"4902",28
"4903",28
"4904",28
"4905",28
"4906",28
"4907",28
"4908",28
"4911",28
"4912",28
"4927",28
"4929",28
"4932",28
"4934",28
"4946",28
"4959",28
"4992",28
"4994",28
"5000",28
"5005",28
"5006",28
"5038",28
"5044",28
"5047",28
"5052",28
"5055",28
"5056",28
"5059",28
"5061",28
"5062",28
"5078",28
"5085",28
"5086",28
"5088",28
"5359",28
"5424",28
"5435",28
"5444",28
"6347",28
"1662",29
"1935",29
"1974",29
"1995",29
"2204",29
"2218",29
"2225",29
"2229",29
"2256",29
"2273",29
"2309",29
"2314",29
"2323",29
"2363",29
"2394",29
"2429",29
"2636",29
"2862",29
"2922",29
"2946",29
"2975",29
"3295",29
"3373",29
"3684",29
"4205",29
"4413",29
"710",29
"972",29
"3236",30
"5252",30
"5253",30
"8192",30
"8193",30
"8267",30
"8268",30
"8354",30
"8355",30
"8460",30
"8478",30
"8656",30
"8660",30
"8674",30
"8718",30
"8720",30
"8824",30
"8825",30
"8846",30
"8851",30
"8913",30
"8914",30
"8945",30
"101",31
"105",31
"120",31
"1213",31
"1220",31
"128",31
"1975",31
"2413",31
"2417",31
"2537",31
"2640",31
"2767",31
"3152",31
"4420",31
"4450",31
"47",31
"51",31
"52",31
"5469",31
"56",31
"57",31
"614",31
"637",31
"65",31
"75",31
"95",31
"1489",32
"1713",32
"1727",32
"1809",32
"1848",32
"2837",32
"2961",32
"2966",32
"3008",32
"3657",32
"3659",32
"4144",32
"5632",32
"6369",33
"6380",33
"6381",33
"6383",33
"6390",33
"6748",33
"6750",33
"6753",33
"6756",33
"2935",34
"4312",34
"4988",34
"1235",35
"1304",35
"1934",35
"2157",35
"2313",35
"2560",35
"2594",35
"2902",35
"2920",35
"2948",35
"3026",35
"3135",35
"3453",35
"3456",35
"3495",35
"3535",35
"4186",35
"4314",35
"4361",35
"5011",35
"5015",35
"5027",35
"5634",35
"5638",35
"5685",35
"5788",35
"5827",35
"5940",35
"1331",36
"1359",36
"1360",36
"1362",36
"1380",36
"1417",36
"1709",36
"1746",36
"1770",36
"1788",36
"2035",36
"2092",36
"2172",36
"2242",36
"2280",36
"2367",36
"2475",36
"2477",36
"2489",36
"2700",36
"2704",36
"2857",36
"2880",36
"3164",36
"3369",36
"3454",36
"4188",36
"4196",36
"4393",36
"4762",36
"5001",36
"5204",36
"5754",36
"2068",37
"2232",37
"2233",37
"2330",37
"2396",37
"2401",37
"2582",37
"2705",37
"2938",37
"2990",37
"3037",37
"3086",37
"3102",37
"3103",37
"3299",37
"3479",37
"4198",37
"5101",37
"5108",37
"73",37
"7877",37
"2174",38
"4343",38
"4608",38
"4950",38
"6237",38
"8792",38
"9084",38
"4943",39
"4998",39
"5485",39
"5625",39
"5673",39
"5674",39
"5675",39
"5676",39
"5734",39
"5766",39
"5770",39
"5798",39
"5848",39
"5859",39
"5860",39
"5892",39
"5901",39
"5919",39
"6428",39
"8816",39
"8896",39
"8942",39
"9066",39
"1340",40
"2866",40
"2893",40
"3270",40
"4434",40
"4436",40
"4440",40
"5291",40
"5431",40
"5455",40
"4387",42
"4479",42
"4721",42
"4990",42
"5459",42
"5667",42
"5839",42
"1720",43
"2010",43
"2565",43
"2927",43
"4941",43
"4985",43
"5070",43
"5177",43
"5420",43
"5441",43
"5777",43
"6564",43
"7761",43
